Index,Distance,Stroke,Time,Date,City,Country,PoolLength,IsPartialDistance,Points
1,50,freestyle,28.78,2016-04-09,Skjetten,Norway,25,0,343
2,50,freestyle,28.84,2014-10-12,Sarpsborg,Norway,25,0,341
4,50,freestyle,30.17,2015-04-26,Drammen,Norway,50,0,332
5,50,freestyle,30.18,2016-04-09,Skjetten,Norway,25,1,298
6,50,freestyle,30.29,2015-05-31,Bergen,Norway,50,1,328
7,50,freestyle,30.51,2014-05-23,Bergen,Norway,25,0,288
8,50,freestyle,30.59,2015-10-10,Tøyen,Norway,50,1,319
9,50,freestyle,30.78,2014-03-15,Porsgrunn,Norway,25,0,280
10,50,freestyle,30.92,2014-06-14,Hamar,Norway,50,1,309
11,50,freestyle,30.99,2015-02-06,Fredrikstad,Norway,25,1,275
12,50,freestyle,31.07,2014-06-13,Hamar,Norway,50,0,304
13,50,freestyle,31.23,2015-12-05,Nadderud,Norway,25,1,269
14,50,freestyle,31.32,2014-11-01,Nordtvet,Norway,25,1,266
15,50,freestyle,31.34,2016-05-22,Tøyen,Norway,50,1,297
16,50,freestyle,31.37,2013-09-21,Skjetten,Norway,25,0,265
17,50,butterfly,31.5,2016-04-09,Skjetten,Norway,25,0,329
18,50,freestyle,31.51,2015-04-25,Drammen,Norway,50,1,292
19,50,freestyle,31.53,2014-10-11,Sarpsborg,Norway,25,1,261
20,50,freestyle,31.59,2015-01-17,Rælingen,Norway,25,1,259
20,50,butterfly,31.59,2016-01-10,Asker,Norway,25,1,326
22,50,freestyle,31.65,2014-06-15,Hamar,Norway,50,1,288
23,50,freestyle,31.73,2013-10-13,Sarpsborg,Norway,25,1,256
24,50,freestyle,31.74,2016-01-16,Rælingen,Norway,25,1,256
25,50,butterfly,31.76,2016-01-16,Rælingen,Norway,25,1,321
26,50,freestyle,31.82,2015-04-25,Drammen,Norway,50,1,283
27,50,freestyle,31.85,2013-11-02,Nordtvet,Norway,25,1,253
28,50,freestyle,31.86,2014-03-02,Kolbotn,Norway,25,1,253
29,50,butterfly,31.89,2016-01-10,Asker,Norway,25,1,317
30,50,freestyle,31.9,2014-03-15,Porsgrunn,Norway,25,1,252
31,50,freestyle,31.93,2014-03-16,Porsgrunn,Norway,25,1,251
31,50,freestyle,31.93,2015-05-30,Bergen,Norway,50,1,280
33,50,freestyle,32.13,2016-05-21,Tøyen,Norway,50,1,275
34,50,freestyle,32.16,2014-11-02,Nordtvet,Norway,25,1,246
35,50,freestyle,32.19,2014-03-02,Kolbotn,Norway,25,1,245
36,50,freestyle,32.2,2014-04-06,Slattum,Norway,25,1,245
37,50,freestyle,32.32,2014-05-03,Drammen,Norway,50,1,270
38,50,butterfly,32.33,2016-04-09,Skjetten,Norway,25,1,304
39,50,freestyle,32.34,2013-10-12,Sarpsborg,Norway,25,1,242
40,50,freestyle,32.35,2015-05-29,Bergen,Norway,50,1,270
41,50,butterfly,32.36,2015-12-05,Nadderud,Norway,25,1,303
42,50,freestyle,32.4,2013-10-27,Kolbotn,Norway,25,1,240
43,50,freestyle,32.41,2015-04-26,Drammen,Norway,50,1,268
44,50,freestyle,32.44,2014-01-10,Asker,Norway,25,1,240
45,50,freestyle,32.52,2014-02-07,Sognsvann,Norway,25,1,238
46,50,freestyle,32.54,2013-06-07,Kristiansand,Norway,50,0,265
47,50,freestyle,32.56,2014-05-25,Bergen,Norway,25,1,237
48,50,butterfly,32.6,2015-01-11,Asker,Norway,25,1,296
49,50,freestyle,32.63,2016-03-06,Kolbotn,Norway,25,1,235
50,50,freestyle,32.68,2013-04-28,Gothenburg,Sweden,50,0,261
51,50,freestyle,32.7,2014-06-14,Hamar,Norway,50,1,261
52,50,butterfly,32.82,2016-05-21,Tøyen,Norway,50,0,312
53,50,butterfly,32.94,2016-03-05,Kolbotn,Norway,25,1,287
54,50,freestyle,32.97,2013-12-15,Lambertseter,Norway,25,1,228
55,50,freestyle,33.01,2014-05-23,Bergen,Norway,25,1,227
56,50,freestyle,33.04,2013-10-12,Sarpsborg,Norway,25,1,227
56,50,butterfly,33.04,2015-01-17,Rælingen,Norway,25,1,285
58,50,freestyle,33.08,2014-04-06,Slattum,Norway,25,1,226
59,50,freestyle,33.11,2013-10-20,Langhus,Norway,25,1,225
60,50,freestyle,33.17,2013-05-25,Sognsvann,Norway,25,1,224
61,50,freestyle,33.18,2013-04-26,Gothenburg,Sweden,50,1,250
62,50,freestyle,33.2,2013-03-09,Porsgrunn,Norway,25,0,223
63,50,freestyle,33.24,2013-09-22,Skjetten,Norway,25,1,223
64,50,freestyle,33.26,2014-05-24,Bergen,Norway,25,1,222
65,50,freestyle,33.3,2013-06-08,Kristiansand,Norway,50,1,247
66,50,butterfly,33.36,2015-04-25,Drammen,Norway,50,0,297
67,50,freestyle,33.46,2013-05-26,Sognsvann,Norway,25,1,218
68,50,freestyle,33.54,2014-01-18,Rælingen,Norway,25,1,217
69,50,butterfly,33.57,2015-01-18,Rælingen,Norway,25,1,271
70,50,freestyle,33.58,2014-05-11,Oslo,Norway,50,1,241
71,50,freestyle,33.67,2013-09-14,Porsgrunn,Norway,25,1,214
72,50,butterfly,33.74,2015-05-31,Bergen,Norway,50,1,287
73,50,butterfly,33.79,2013-10-27,Kolbotn,Norway,25,0,266
74,50,butterfly,33.8,2015-10-11,Tøyen,Norway,50,1,286
75,50,butterfly,33.86,2015-02-07,Fredrikstad,Norway,25,1,265
76,50,butterfly,33.91,2015-02-08,Fredrikstad,Norway,25,1,263
77,50,freestyle,34.14,2013-11-03,Nordtvet,Norway,25,1,205
78,50,freestyle,34.19,2012-11-17,Nadderud,Norway,25,0,205
79,50,butterfly,34.23,2016-03-05,Kolbotn,Norway,25,1,256
80,50,butterfly,34.26,2015-01-11,Asker,Norway,25,1,255
81,50,butterfly,34.31,2014-04-06,Slattum,Norway,25,1,254
82,50,butterfly,34.38,2014-03-15,Porsgrunn,Norway,25,1,253
82,50,butterfly,34.38,2016-05-22,Tøyen,Norway,50,1,271
84,50,freestyle,34.44,2013-06-09,Kristiansand,Norway,50,1,223
85,50,butterfly,34.45,2013-05-25,Sognsvann,Norway,25,0,251
86,50,butterfly,34.49,2014-10-11,Sarpsborg,Norway,25,1,250
87,50,butterfly,34.54,2014-01-19,Rælingen,Norway,25,1,249
88,50,freestyle,34.58,2013-06-07,Kristiansand,Norway,50,1,221
89,50,butterfly,34.6,2013-10-20,Langhus,Norway,25,0,248
90,50,butterfly,34.8,2014-10-12,Sarpsborg,Norway,25,1,244
91,50,butterfly,34.83,2014-03-15,Porsgrunn,Norway,25,0,243
92,50,freestyle,34.87,2012-09-23,Skjetten,Norway,25,0,193
92,50,freestyle,34.87,2013-03-09,Porsgrunn,Norway,25,1,193
94,50,butterfly,34.9,2014-12-06,Nadderud,Norway,25,1,242
95,50,freestyle,35.0,2012-10-13,Sarpsborg,Norway,25,0,191
96,50,freestyle,35.14,2013-05-04,Sandefjord,Norway,25,1,188
97,50,freestyle,35.19,2013-03-10,Porsgrunn,Norway,25,1,188
98,50,butterfly,35.52,2013-10-27,Kolbotn,Norway,25,1,229
99,50,butterfly,35.57,2013-12-15,Lambertseter,Norway,25,1,228
100,50,butterfly,35.61,2014-02-08,Sognsvann,Norway,25,1,227
101,50,butterfly,35.63,2014-06-13,Hamar,Norway,50,1,244
102,50,butterfly,35.68,2014-05-03,Drammen,Norway,50,1,243
103,50,butterfly,35.77,2013-04-27,Gothenburg,Sweden,50,0,241
104,50,butterfly,36.0,2013-11-02,Nordtvet,Norway,25,1,220
104,50,butterfly,36.0,2014-05-25,Bergen,Norway,25,1,220
106,50,butterfly,36.05,2014-02-09,Sognsvann,Norway,25,1,219
107,50,butterfly,36.14,2013-06-07,Kristiansand,Norway,50,0,233
108,50,freestyle,36.18,2013-03-17,Nordtvet,Norway,25,1,173
109,50,freestyle,36.24,2012-06-08,Hamar,Norway,50,0,192
109,50,butterfly,36.24,2014-01-12,Asker,Norway,25,1,216
111,50,butterfly,36.3,2013-10-13,Sarpsborg,Norway,25,1,215
112,50,butterfly,36.33,2013-03-09,Porsgrunn,Norway,25,0,214
113,50,freestyle,36.38,2013-01-06,Asker,Norway,25,1,170
114,50,butterfly,36.41,2014-01-11,Asker,Norway,25,1,213
115,50,freestyle,36.42,2013-01-19,Rælingen,Norway,25,1,169
115,50,butterfly,36.42,2015-10-10,Tøyen,Norway,50,1,228
117,50,freestyle,36.44,2013-02-09,Rælingen,Norway,25,1,169
118,50,butterfly,36.6,2014-06-15,Hamar,Norway,50,1,225
119,50,butterfly,36.66,2014-06-13,Hamar,Norway,50,0,224
120,50,butterfly,36.76,2014-05-10,Oslo,Norway,50,1,222
121,50,freestyle,37.21,2012-03-10,Sognsvann,Norway,25,0,159
122,50,freestyle,37.4,2012-03-11,Sognsvann,Norway,25,1,156
123,50,freestyle,37.46,2011-10-15,Sarpsborg,Norway,25,0,155
124,50,backstroke,37.52,2013-10-20,Langhus,Norway,25,0,204
125,50,freestyle,37.59,2012-01-08,Asker,Norway,25,0,154
126,50,butterfly,37.67,2013-09-22,Skjetten,Norway,25,1,192
127,50,butterfly,37.75,2013-01-05,Asker,Norway,25,0,191
128,50,backstroke,37.82,2014-03-16,Porsgrunn,Norway,25,0,199
129,50,freestyle,37.91,2011-12-03,Nadderud,Norway,25,0,150
130,50,butterfly,37.92,2013-11-03,Nordtvet,Norway,25,1,188
131,50,breaststroke,37.98,2015-05-30,Bergen,Norway,50,0,318
132,50,freestyle,38.15,2012-06-10,Hamar,Norway,50,1,164
133,50,butterfly,38.17,2013-02-08,Rælingen,Norway,25,1,185
134,50,butterfly,38.19,2012-11-17,Nadderud,Norway,25,0,184
135,50,freestyle,38.23,2012-09-23,Skjetten,Norway,25,1,146
136,50,breaststroke,38.31,2015-02-07,Fredrikstad,Norway,25,1,276
136,50,breaststroke,38.31,2016-01-17,Rælingen,Norway,25,1,276
138,50,butterfly,38.38,2013-05-26,Sognsvann,Norway,25,1,181
139,50,freestyle,38.61,2012-10-13,Sarpsborg,Norway,25,1,142
140,50,freestyle,38.63,2012-06-09,Hamar,Norway,50,1,158
141,50,freestyle,38.67,2011-09-25,Skjetten,Norway,25,0,141
141,50,butterfly,38.67,2013-09-15,Porsgrunn,Norway,25,1,177
143,50,breaststroke,38.73,2015-01-10,Asker,Norway,25,1,267
144,50,breaststroke,38.75,2015-05-29,Bergen,Norway,50,1,300
145,50,freestyle,38.93,2012-06-09,Hamar,Norway,50,1,154
146,50,butterfly,38.96,2013-06-08,Kristiansand,Norway,50,1,186
147,50,breaststroke,38.97,2015-12-05,Nadderud,Norway,25,1,262
148,50,freestyle,39.24,2012-09-22,Skjetten,Norway,25,1,135
149,50,breaststroke,39.31,2014-10-11,Sarpsborg,Norway,25,1,255
150,50,butterfly,39.41,2013-04-28,Gothenburg,Sweden,50,1,180
151,50,freestyle,39.48,2011-03-20,Sognsvann,Norway,25,0,133
152,50,freestyle,39.5,2011-10-15,Sarpsborg,Norway,25,1,132
153,50,butterfly,39.53,2013-03-09,Porsgrunn,Norway,25,1,166
154,50,breaststroke,39.54,2015-01-18,Rælingen,Norway,25,1,251
155,50,butterfly,39.69,2012-09-23,Skjetten,Norway,25,0,164
156,50,breaststroke,39.74,2014-03-16,Porsgrunn,Norway,25,0,247
157,50,freestyle,39.82,2010-12-04,Nadderud,Norway,25,0,129
157,50,breaststroke,39.82,2013-12-15,Lambertseter,Norway,25,1,245
159,50,breaststroke,39.94,2014-02-08,Sognsvann,Norway,25,1,243
160,50,breaststroke,39.95,2014-03-16,Porsgrunn,Norway,25,1,243
161,50,freestyle,39.98,2012-01-06,Asker,Norway,25,1,128
162,50,freestyle,40.0,2012-02-10,Nadderud,Norway,25,1,128
163,50,breaststroke,40.11,2014-01-19,Rælingen,Norway,25,1,240
164,50,freestyle,40.12,2011-10-16,Sarpsborg,Norway,25,1,126
165,50,butterfly,40.35,2012-11-18,Nadderud,Norway,25,1,156
166,50,breaststroke,40.38,2014-12-06,Nadderud,Norway,25,1,235
167,50,freestyle,40.4,2010-10-30,Sognsvann,Norway,25,0,124
168,50,breaststroke,40.43,2013-11-02,Nordtvet,Norway,25,1,235
169,50,freestyle,40.44,2012-01-22,Rælingen,Norway,25,1,123
170,50,freestyle,40.48,2010-09-19,Skjetten,Norway,25,0,123
171,50,butterfly,40.82,2013-01-06,Asker,Norway,25,1,151
172,50,butterfly,40.9,2012-11-17,Nadderud,Norway,25,1,150
173,50,breaststroke,40.97,2014-01-11,Asker,Norway,25,1,225
174,50,butterfly,41.01,2012-03-11,Sognsvann,Norway,25,0,149
175,50,butterfly,41.21,2013-02-10,Rælingen,Norway,25,1,147
176,50,breaststroke,41.31,2013-10-13,Sarpsborg,Norway,25,1,220
177,50,butterfly,41.37,2013-01-20,Rælingen,Norway,25,1,145
177,50,butterfly,41.37,2013-01-20,Rælingen,Norway,25,1,145
179,50,breaststroke,41.5,2014-05-25,Bergen,Norway,25,1,217
180,50,butterfly,41.61,2012-09-22,Skjetten,Norway,25,1,142
181,50,freestyle,41.73,2011-03-19,Sognsvann,Norway,25,1,112
182,50,butterfly,41.8,2012-06-09,Hamar,Norway,50,0,151
183,50,freestyle,41.94,2011-12-04,Nadderud,Norway,25,1,111
184,50,butterfly,42.15,2012-10-14,Sarpsborg,Norway,25,0,137
185,50,butterfly,42.35,2012-01-22,Rælingen,Norway,25,0,135
186,50,breaststroke,42.41,2013-09-21,Skjetten,Norway,25,1,203
187,50,breaststroke,42.8,2014-05-11,Oslo,Norway,50,1,222
188,50,butterfly,43.6,2012-03-10,Sognsvann,Norway,25,1,124
189,50,butterfly,43.74,2012-05-13,Skjetten,Norway,25,1,122
190,50,butterfly,43.89,2012-02-12,Nadderud,Norway,25,1,121
191,50,breaststroke,43.91,2013-03-10,Porsgrunn,Norway,25,0,183
192,50,breaststroke,44.06,2013-03-10,Porsgrunn,Norway,25,1,181
193,50,butterfly,44.17,2012-01-07,Asker,Norway,25,0,119
194,50,butterfly,44.63,2012-06-08,Hamar,Norway,50,1,124
195,50,breaststroke,44.65,2013-04-27,Gothenburg,Sweden,50,1,196
196,50,butterfly,44.86,2012-01-22,Rælingen,Norway,25,1,113
197,50,butterfly,45.19,2012-03-11,Sognsvann,Norway,25,1,111
198,50,freestyle,45.34,2010-11-21,Nordbytun,Norway,25,1,87
199,50,breaststroke,45.41,2013-02-09,Rælingen,Norway,25,1,165
200,50,breaststroke,45.69,2012-09-22,Skjetten,Norway,25,1,162
201,50,freestyle,45.79,2010-11-07,Nordtvet,Norway,25,1,85
202,50,butterfly,46.16,2011-12-03,Nadderud,Norway,25,0,104
203,50,breaststroke,46.18,2013-05-25,Sognsvann,Norway,25,1,157
204,50,butterfly,46.24,2012-01-22,Rælingen,Norway,25,1,104
205,50,breaststroke,46.41,2013-01-20,Rælingen,Norway,25,1,155
206,50,breaststroke,46.44,2012-11-17,Nadderud,Norway,25,1,155
207,50,butterfly,46.61,2011-12-03,Nadderud,Norway,25,1,101
208,50,butterfly,47.73,2011-09-25,Skjetten,Norway,25,0,94
209,50,breaststroke,47.9,2013-01-06,Asker,Norway,25,1,141
210,50,breaststroke,48.43,2012-03-10,Sognsvann,Norway,25,1,136
211,50,breaststroke,48.75,2012-05-13,Skjetten,Norway,25,1,134
212,50,butterfly,49.75,2011-12-04,Nadderud,Norway,25,1,83
213,50,butterfly,49.77,2011-03-19,Sognsvann,Norway,25,1,83
214,50,butterfly,50.08,2010-09-19,Skjetten,Norway,25,0,81
215,50,butterfly,50.13,2010-12-04,Nadderud,Norway,25,0,81
216,50,breaststroke,50.39,2012-06-10,Hamar,Norway,50,1,136
217,50,breaststroke,50.84,2012-02-11,Nadderud,Norway,25,1,118
218,50,butterfly,53.21,2010-11-21,Nordbytun,Norway,25,0,68
219,50,butterfly,55.12,2010-10-30,Sognsvann,Norway,25,1,61
220,50,breaststroke,57.27,2012-01-08,Asker,Norway,25,1,82
221,100,freestyle,63.68,2014-11-01,Nordtvet,Norway,25,0,349
222,100,freestyle,64.73,2014-06-14,Hamar,Norway,50,0,379
223,100,freestyle,64.85,2016-04-09,Skjetten,Norway,25,1,330
224,100,freestyle,64.88,2015-10-10,Tøyen,Norway,50,0,376
225,50,breaststroke,65.0,2010-10-30,Sognsvann,Norway,25,1,56
226,100,freestyle,65.67,2014-03-02,Kolbotn,Norway,25,0,318
227,100,freestyle,65.81,2015-05-31,Bergen,Norway,50,0,361
228,100,freestyle,66.09,2014-04-06,Slattum,Norway,25,0,312
229,100,freestyle,66.2,2014-03-15,Porsgrunn,Norway,25,0,310
230,100,freestyle,66.71,2016-05-22,Tøyen,Norway,50,0,346
231,100,freestyle,66.85,2015-12-05,Nadderud,Norway,25,1,301
232,100,freestyle,66.87,2014-10-11,Sarpsborg,Norway,25,1,301
232,100,freestyle,66.87,2015-02-06,Fredrikstad,Norway,25,1,301
234,100,freestyle,66.97,2013-10-27,Kolbotn,Norway,25,0,300
235,100,freestyle,67.02,2013-10-13,Sarpsborg,Norway,25,0,299
236,100,freestyle,67.27,2014-11-01,Nordtvet,Norway,25,1,296
237,100,freestyle,67.67,2013-11-02,Nordtvet,Norway,25,0,290
238,100,freestyle,67.7,2014-03-02,Kolbotn,Norway,25,1,290
239,100,freestyle,67.75,2015-04-25,Drammen,Norway,50,0,330
240,100,freestyle,68.1,2014-05-25,Bergen,Norway,25,0,285
241,100,freestyle,68.11,2015-04-25,Drammen,Norway,50,1,325
242,100,freestyle,68.28,2016-01-16,Rælingen,Norway,25,1,283
243,100,freestyle,68.29,2014-06-15,Hamar,Norway,50,1,323
244,100,freestyle,68.31,2016-03-06,Kolbotn,Norway,25,1,282
245,100,freestyle,68.34,2015-01-17,Rælingen,Norway,25,1,282
246,100,freestyle,68.36,2014-03-16,Porsgrunn,Norway,25,1,282
247,100,freestyle,68.55,2014-01-10,Asker,Norway,25,1,279
248,100,freestyle,68.67,2014-02-07,Sognsvann,Norway,25,1,278
249,100,freestyle,68.85,2015-05-30,Bergen,Norway,50,1,315
250,100,freestyle,68.97,2014-11-02,Nordtvet,Norway,25,1,274
251,100,butterfly,69.2,2016-01-10,Asker,Norway,25,0,329
252,100,freestyle,69.66,2014-04-06,Slattum,Norway,25,1,266
253,100,freestyle,69.67,2014-05-03,Drammen,Norway,50,1,304
254,100,freestyle,69.69,2013-05-25,Sognsvann,Norway,25,0,266
255,100,freestyle,69.79,2016-05-21,Tøyen,Norway,50,1,302
256,100,freestyle,69.81,2013-10-12,Sarpsborg,Norway,25,1,264
257,100,freestyle,70.05,2015-05-29,Bergen,Norway,50,1,299
258,100,freestyle,70.1,2014-05-23,Bergen,Norway,25,1,261
258,100,butterfly,70.1,2016-01-16,Rælingen,Norway,25,0,316
260,100,freestyle,70.16,2014-06-14,Hamar,Norway,50,1,297
261,100,freestyle,70.46,2015-04-26,Drammen,Norway,50,1,294
262,100,freestyle,70.5,2013-06-08,Kristiansand,Norway,50,0,293
263,100,freestyle,70.58,2013-04-26,Gothenburg,Sweden,50,0,292
264,100,freestyle,70.61,2013-12-15,Lambertseter,Norway,25,1,256
265,100,freestyle,70.84,2014-05-24,Bergen,Norway,25,1,253
266,100,freestyle,71.1,2014-01-18,Rælingen,Norway,25,1,250
267,100,freestyle,71.21,2013-10-12,Sarpsborg,Norway,25,1,249
268,100,freestyle,71.5,2013-05-26,Sognsvann,Norway,25,1,246
269,100,freestyle,71.64,2013-09-14,Porsgrunn,Norway,25,1,245
270,100,freestyle,71.86,2013-03-09,Porsgrunn,Norway,25,0,242
271,100,freestyle,71.87,2014-05-11,Oslo,Norway,50,1,277
272,100,freestyle,71.99,2013-09-22,Skjetten,Norway,25,1,241
273,100,freestyle,72.15,2013-10-20,Langhus,Norway,25,1,240
274,100,backstroke,72.17,2016-04-10,Skjetten,Norway,25,0,300
275,100,freestyle,72.88,2013-11-03,Nordtvet,Norway,25,1,232
276,100,freestyle,73.1,2013-03-10,Porsgrunn,Norway,25,1,230
277,100,butterfly,73.16,2015-01-17,Rælingen,Norway,25,0,278
278,100,butterfly,73.17,2016-04-09,Skjetten,Norway,25,0,278
279,100,butterfly,73.45,2016-03-05,Kolbotn,Norway,25,1,275
280,100,freestyle,73.66,2013-06-09,Kristiansand,Norway,50,1,257
281,100,medley,74.13,2014-05-24,Bergen,Norway,25,0,293
282,100,freestyle,74.21,2013-06-07,Kristiansand,Norway,50,1,251
283,100,butterfly,74.56,2015-02-07,Fredrikstad,Norway,25,0,263
284,100,freestyle,74.75,2013-05-04,Sandefjord,Norway,25,1,215
285,100,medley,75.22,2014-03-02,Kolbotn,Norway,25,0,281
286,100,backstroke,75.58,2013-11-03,Nordtvet,Norway,25,0,261
287,100,butterfly,76.03,2015-01-11,Asker,Norway,25,0,248
288,100,backstroke,76.45,2014-11-02,Nordtvet,Norway,25,0,252
289,100,butterfly,76.64,2014-10-12,Sarpsborg,Norway,25,0,242
290,100,freestyle,76.74,2013-02-09,Rælingen,Norway,25,1,199
291,100,freestyle,76.84,2013-01-06,Asker,Norway,25,1,198
292,100,freestyle,76.92,2013-03-17,Nordtvet,Norway,25,1,198
293,100,freestyle,77.64,2013-01-19,Rælingen,Norway,25,1,192
294,100,medley,78.18,2013-09-22,Skjetten,Norway,25,0,250
295,100,butterfly,78.5,2016-03-05,Kolbotn,Norway,25,1,225
296,100,backstroke,78.62,2014-04-19,Debrecen,Hungary,50,0,282
297,100,freestyle,79.14,2012-03-11,Sognsvann,Norway,25,0,181
298,100,freestyle,80.09,2012-05-13,Skjetten,Norway,25,0,175
299,100,butterfly,80.27,2014-05-25,Bergen,Norway,25,0,210
300,100,butterfly,80.34,2013-10-27,Kolbotn,Norway,25,0,210
301,100,butterfly,80.5,2014-02-08,Sognsvann,Norway,25,0,209
302,100,freestyle,81.09,2012-06-09,Hamar,Norway,50,0,192
303,100,medley,81.49,2013-05-26,Sognsvann,Norway,25,0,221
304,100,butterfly,81.66,2014-01-11,Asker,Norway,25,0,200
305,100,butterfly,81.86,2014-06-15,Hamar,Norway,50,1,220
306,100,freestyle,82.05,2012-09-23,Skjetten,Norway,25,1,163
307,100,freestyle,82.08,2012-06-10,Hamar,Norway,50,1,186
308,100,freestyle,82.76,2012-10-13,Sarpsborg,Norway,25,1,159
309,100,breaststroke,82.9,2015-02-07,Fredrikstad,Norway,25,1,296
310,100,freestyle,83.29,2012-09-22,Skjetten,Norway,25,1,156
311,100,breaststroke,83.44,2016-01-17,Rælingen,Norway,25,1,290
312,100,breaststroke,83.63,2015-12-05,Nadderud,Norway,25,1,288
313,100,butterfly,83.64,2015-10-10,Tøyen,Norway,50,1,206
314,100,freestyle,83.97,2011-10-15,Sarpsborg,Norway,25,0,152
315,100,breaststroke,84.46,2014-03-16,Porsgrunn,Norway,25,0,280
316,100,breaststroke,84.54,2015-01-10,Asker,Norway,25,1,279
317,100,butterfly,84.57,2013-09-22,Skjetten,Norway,25,0,180
318,100,breaststroke,84.75,2015-05-29,Bergen,Norway,50,0,302
319,100,freestyle,84.94,2012-06-09,Hamar,Norway,50,1,167
320,100,butterfly,85.02,2013-04-28,Gothenburg,Sweden,50,0,196
321,100,butterfly,85.14,2014-05-10,Oslo,Norway,50,1,195
322,100,backstroke,85.32,2013-04-26,Gothenburg,Sweden,50,0,221
323,100,breaststroke,85.46,2014-02-08,Sognsvann,Norway,25,1,270
324,100,breaststroke,85.67,2013-12-15,Lambertseter,Norway,25,0,268
325,100,breaststroke,86.23,2014-10-11,Sarpsborg,Norway,25,1,263
326,100,breaststroke,86.36,2015-01-18,Rælingen,Norway,25,1,262
327,100,medley,86.51,2012-11-18,Nadderud,Norway,25,0,184
328,100,breaststroke,86.67,2013-11-02,Nordtvet,Norway,25,0,259
329,100,freestyle,86.75,2012-02-10,Nadderud,Norway,25,1,138
330,100,butterfly,86.94,2013-11-03,Nordtvet,Norway,25,1,165
331,100,freestyle,87.03,2012-01-22,Rælingen,Norway,25,1,136
332,100,breaststroke,87.16,2014-01-19,Rælingen,Norway,25,1,255
333,100,butterfly,87.23,2013-02-08,Rælingen,Norway,25,0,164
334,100,breaststroke,87.4,2014-12-06,Nadderud,Norway,25,1,253
335,100,freestyle,87.91,2012-01-06,Asker,Norway,25,1,132
336,100,freestyle,88.3,2011-12-04,Nadderud,Norway,25,1,130
337,100,breaststroke,88.43,2014-01-11,Asker,Norway,25,1,244
338,100,medley,88.91,2012-10-13,Sarpsborg,Norway,25,0,170
339,100,butterfly,89.07,2013-01-20,Rælingen,Norway,25,0,154
340,100,freestyle,89.24,2011-10-16,Sarpsborg,Norway,25,1,126
341,100,butterfly,89.52,2013-01-06,Asker,Norway,25,0,152
342,100,breaststroke,89.55,2013-10-13,Sarpsborg,Norway,25,1,235
343,100,breaststroke,89.57,2014-05-25,Bergen,Norway,25,1,235
344,100,butterfly,89.8,2013-06-08,Kristiansand,Norway,50,0,166
345,100,freestyle,90.12,2011-03-19,Sognsvann,Norway,25,0,123
346,100,breaststroke,90.33,2014-04-19,Debrecen,Hungary,50,0,249
347,100,breaststroke,90.58,2013-09-21,Skjetten,Norway,25,0,227
348,100,medley,91.38,2012-05-13,Skjetten,Norway,25,0,156
349,100,breaststroke,92.2,2014-05-11,Oslo,Norway,50,1,234
350,100,butterfly,92.73,2012-11-18,Nadderud,Norway,25,0,136
351,100,breaststroke,92.8,2013-03-10,Porsgrunn,Norway,25,0,211
352,100,butterfly,95.17,2012-09-22,Skjetten,Norway,25,0,126
353,100,butterfly,95.61,2012-02-12,Nadderud,Norway,25,0,124
354,100,breaststroke,96.56,2013-02-09,Rælingen,Norway,25,1,187
355,100,breaststroke,96.59,2012-11-17,Nadderud,Norway,25,0,187
356,100,breaststroke,96.76,2013-04-27,Gothenburg,Sweden,50,0,203
357,100,butterfly,96.92,2012-03-10,Sognsvann,Norway,25,0,119
358,100,freestyle,96.94,2010-11-21,Nordbytun,Norway,25,0,98
359,100,butterfly,96.99,2012-01-22,Rælingen,Norway,25,0,119
360,100,breaststroke,98.2,2012-09-22,Skjetten,Norway,25,0,178
361,100,butterfly,99.58,2012-06-08,Hamar,Norway,50,0,122
362,100,breaststroke,99.71,2013-05-25,Sognsvann,Norway,25,1,170
363,100,freestyle,99.75,2010-11-07,Nordtvet,Norway,25,1,90
364,100,breaststroke,100.24,2013-01-20,Rælingen,Norway,25,1,167
365,100,breaststroke,101.1,2012-03-10,Sognsvann,Norway,25,0,163
366,100,breaststroke,104.44,2013-01-06,Asker,Norway,25,1,148
367,100,breaststroke,104.48,2012-05-13,Skjetten,Norway,25,0,148
368,100,breaststroke,106.85,2012-06-10,Hamar,Norway,50,0,150
369,100,butterfly,110.3,2011-12-04,Nadderud,Norway,25,0,81
370,100,breaststroke,110.84,2012-02-11,Nadderud,Norway,25,1,124
371,100,backstroke,114.35,2010-10-30,Sognsvann,Norway,25,0,75
372,100,butterfly,117.42,2011-03-19,Sognsvann,Norway,25,0,67
373,100,breaststroke,125.04,2012-01-08,Asker,Norway,25,1,86
374,100,butterfly,127.56,2010-10-30,Sognsvann,Norway,25,0,52
375,200,freestyle,136.79,2016-04-09,Skjetten,Norway,25,0,383
376,200,freestyle,138.52,2014-11-01,Nordtvet,Norway,25,0,369
377,200,freestyle,138.62,2014-03-02,Kolbotn,Norway,25,0,368
378,200,freestyle,140.05,2014-10-11,Sarpsborg,Norway,25,1,357
379,200,freestyle,141.35,2016-03-06,Kolbotn,Norway,25,1,347
380,200,freestyle,141.52,2015-02-06,Fredrikstad,Norway,25,1,346
381,200,freestyle,141.76,2014-05-23,Bergen,Norway,25,0,344
382,200,freestyle,141.94,2015-12-05,Nadderud,Norway,25,1,343
383,200,freestyle,142.53,2014-04-06,Slattum,Norway,25,0,338
384,200,freestyle,142.57,2016-01-16,Rælingen,Norway,25,1,338
385,200,freestyle,143.08,2015-04-25,Drammen,Norway,50,1,362
386,200,freestyle,143.14,2014-02-07,Sognsvann,Norway,25,1,334
387,200,freestyle,143.23,2015-01-17,Rælingen,Norway,25,1,333
388,200,freestyle,143.26,2014-03-16,Porsgrunn,Norway,25,0,333
389,200,freestyle,143.5,2014-01-10,Asker,Norway,25,1,332
390,200,freestyle,143.68,2014-11-02,Nordtvet,Norway,25,1,330
391,200,freestyle,143.81,2014-06-15,Hamar,Norway,50,0,356
392,200,freestyle,144.34,2013-10-12,Sarpsborg,Norway,25,0,326
393,100,breaststroke,144.72,2010-10-30,Sognsvann,Norway,25,1,55
394,200,freestyle,145.17,2015-05-30,Bergen,Norway,50,1,346
395,200,freestyle,145.51,2015-04-26,Drammen,Norway,50,0,344
396,200,freestyle,145.6,2013-12-15,Lambertseter,Norway,25,1,317
397,200,freestyle,145.77,2014-04-19,Debrecen,Hungary,50,0,342
398,200,freestyle,146.25,2016-05-21,Tøyen,Norway,50,0,339
399,200,freestyle,146.29,2015-05-29,Bergen,Norway,50,0,338
400,200,freestyle,146.72,2014-06-14,Hamar,Norway,50,1,335
401,200,freestyle,147.02,2014-05-24,Bergen,Norway,25,1,308
402,200,freestyle,147.55,2014-05-03,Drammen,Norway,50,1,330
403,200,medley,148.01,2016-01-10,Asker,Norway,25,0,406
404,200,freestyle,148.3,2014-01-18,Rælingen,Norway,25,1,300
405,200,freestyle,149.08,2013-10-12,Sarpsborg,Norway,25,1,296
406,200,freestyle,149.31,2013-03-10,Porsgrunn,Norway,25,0,294
407,200,freestyle,149.35,2013-09-14,Porsgrunn,Norway,25,1,294
408,200,freestyle,149.78,2013-05-26,Sognsvann,Norway,25,1,292
409,200,freestyle,150.02,2013-11-03,Nordtvet,Norway,25,1,290
409,200,freestyle,150.02,2014-05-11,Oslo,Norway,50,1,314
411,200,backstroke,151.22,2016-01-17,Rælingen,Norway,25,0,340
412,200,freestyle,152.29,2013-06-09,Kristiansand,Norway,50,0,300
413,200,medley,152.75,2015-01-11,Asker,Norway,25,0,369
414,200,freestyle,153.29,2013-10-20,Langhus,Norway,25,1,272
415,200,medley,153.69,2015-01-18,Rælingen,Norway,25,0,362
416,200,freestyle,153.8,2013-06-07,Kristiansand,Norway,50,1,291
417,200,freestyle,154.0,2013-09-22,Skjetten,Norway,25,1,268
418,200,backstroke,154.8,2015-01-10,Asker,Norway,25,0,317
419,200,medley,155.43,2014-10-11,Sarpsborg,Norway,25,0,350
420,200,backstroke,155.44,2014-10-12,Sarpsborg,Norway,25,0,313
421,200,backstroke,156.43,2015-02-08,Fredrikstad,Norway,25,0,307
422,200,backstroke,156.73,2015-01-18,Rælingen,Norway,25,0,306
423,200,freestyle,156.85,2013-05-04,Sandefjord,Norway,25,1,254
424,200,medley,157.14,2015-02-08,Fredrikstad,Norway,25,0,339
425,200,freestyle,157.21,2013-01-06,Asker,Norway,25,1,252
426,200,medley,157.28,2014-02-09,Sognsvann,Norway,25,0,338
427,200,backstroke,157.55,2016-01-09,Asker,Norway,25,0,301
428,200,backstroke,157.74,2015-12-05,Nadderud,Norway,25,0,300
429,200,medley,157.93,2014-12-06,Nadderud,Norway,25,0,334
430,200,backstroke,158.24,2014-01-12,Asker,Norway,25,0,297
431,200,medley,158.39,2015-12-05,Nadderud,Norway,25,0,331
432,200,medley,158.4,2014-03-15,Porsgrunn,Norway,25,0,331
433,200,medley,158.79,2014-04-06,Slattum,Norway,25,0,329
434,200,medley,159.3,2014-01-19,Rælingen,Norway,25,0,325
435,200,freestyle,159.49,2013-02-09,Rælingen,Norway,25,1,241
436,200,backstroke,159.69,2014-01-19,Rælingen,Norway,25,0,289
437,200,medley,160.52,2014-01-12,Asker,Norway,25,0,318
438,200,freestyle,160.63,2013-03-17,Nordtvet,Norway,25,1,236
439,200,medley,161.35,2013-12-15,Lambertseter,Norway,25,0,313
440,200,medley,162.71,2014-05-03,Drammen,Norway,50,0,343
441,200,medley,163.06,2015-05-31,Bergen,Norway,50,0,341
442,200,backstroke,164.68,2015-10-11,Tøyen,Norway,50,0,313
443,200,medley,164.69,2016-05-22,Tøyen,Norway,50,0,331
444,200,backstroke,164.9,2014-05-10,Oslo,Norway,50,0,312
445,200,freestyle,164.93,2013-01-19,Rælingen,Norway,25,1,218
446,200,backstroke,165.51,2013-10-12,Sarpsborg,Norway,25,0,259
447,200,backstroke,166.19,2014-02-09,Sognsvann,Norway,25,0,256
448,200,medley,166.28,2015-10-11,Tøyen,Norway,50,0,322
449,200,medley,166.37,2013-10-13,Sarpsborg,Norway,25,0,286
450,200,medley,166.46,2014-06-13,Hamar,Norway,50,0,321
451,200,medley,167.65,2013-11-02,Nordtvet,Norway,25,0,279
452,200,freestyle,169.94,2012-09-22,Skjetten,Norway,25,0,199
453,200,freestyle,170.24,2012-06-10,Hamar,Norway,50,0,215
454,200,medley,171.25,2013-09-15,Porsgrunn,Norway,25,0,262
455,200,freestyle,172.05,2012-09-23,Skjetten,Norway,25,1,192
456,200,butterfly,174.12,2016-03-05,Kolbotn,Norway,25,0,231
457,200,freestyle,174.33,2012-10-13,Sarpsborg,Norway,25,1,185
458,200,breaststroke,175.44,2014-02-08,Sognsvann,Norway,25,0,321
459,200,breaststroke,175.54,2015-02-07,Fredrikstad,Norway,25,0,320
460,200,breaststroke,176.03,2015-12-05,Nadderud,Norway,25,0,318
461,200,medley,176.69,2013-05-26,Sognsvann,Norway,25,0,238
462,200,butterfly,176.96,2014-06-15,Hamar,Norway,50,0,242
463,200,breaststroke,177.04,2016-01-17,Rælingen,Norway,25,0,312
464,200,breaststroke,177.73,2014-10-11,Sarpsborg,Norway,25,0,309
465,200,breaststroke,177.95,2015-01-10,Asker,Norway,25,0,307
466,200,medley,178.09,2013-03-09,Porsgrunn,Norway,25,0,233
467,200,breaststroke,180.6,2014-12-06,Nadderud,Norway,25,0,294
468,200,breaststroke,181.38,2015-01-18,Rælingen,Norway,25,0,290
469,200,breaststroke,181.74,2014-01-11,Asker,Norway,25,0,289
470,200,freestyle,181.97,2012-06-09,Hamar,Norway,50,1,176
471,200,medley,182.1,2013-02-10,Rælingen,Norway,25,0,218
472,200,breaststroke,183.02,2014-01-19,Rælingen,Norway,25,0,282
473,200,freestyle,184.01,2012-01-22,Rælingen,Norway,25,1,157
474,200,freestyle,184.26,2012-02-10,Nadderud,Norway,25,1,156
475,200,freestyle,184.69,2011-12-04,Nadderud,Norway,25,0,155
476,200,breaststroke,184.8,2014-05-11,Oslo,Norway,50,0,313
477,200,backstroke,185.47,2013-01-05,Asker,Norway,25,0,184
478,200,breaststroke,185.5,2014-05-25,Bergen,Norway,25,0,271
479,200,freestyle,185.82,2011-10-16,Sarpsborg,Norway,25,0,152
480,200,medley,186.62,2013-01-20,Rælingen,Norway,25,0,202
481,200,breaststroke,187.26,2013-10-13,Sarpsborg,Norway,25,0,264
482,200,medley,187.86,2012-11-17,Nadderud,Norway,25,0,198
483,200,freestyle,189.35,2012-01-06,Asker,Norway,25,1,144
484,200,backstroke,191.17,2013-02-10,Rælingen,Norway,25,0,168
485,200,backstroke,192.71,2012-11-18,Nadderud,Norway,25,0,164
486,200,medley,193.17,2012-05-13,Skjetten,Norway,25,0,182
487,200,backstroke,194.14,2013-01-20,Rælingen,Norway,25,0,161
488,200,medley,198.96,2012-03-11,Sognsvann,Norway,25,0,167
489,200,breaststroke,200.84,2013-02-09,Rælingen,Norway,25,0,214
490,200,breaststroke,203.27,2013-01-20,Rælingen,Norway,25,0,206
491,200,medley,203.44,2012-01-22,Rælingen,Norway,25,0,156
492,200,backstroke,203.59,2012-02-11,Nadderud,Norway,25,0,139
493,200,breaststroke,205.35,2013-05-25,Sognsvann,Norway,25,0,200
494,200,medley,208.86,2011-12-03,Nadderud,Norway,25,0,144
495,200,breaststroke,209.3,2013-01-06,Asker,Norway,25,0,189
496,200,freestyle,213.54,2010-11-07,Nordtvet,Norway,25,1,100
497,200,backstroke,215.3,2012-01-07,Asker,Norway,25,0,118
498,200,breaststroke,220.76,2012-02-11,Nadderud,Norway,25,0,161
499,200,medley,234.95,2011-03-20,Sognsvann,Norway,25,0,101
500,200,medley,244.68,2010-11-21,Nordbytun,Norway,25,0,89
501,200,breaststroke,254.05,2012-01-08,Asker,Norway,25,0,105
502,400,freestyle,285.01,2014-10-11,Sarpsborg,Norway,25,0,413
503,400,freestyle,288.23,2015-02-06,Fredrikstad,Norway,25,0,399
504,400,freestyle,288.3,2016-03-06,Kolbotn,Norway,25,1,399
505,400,freestyle,292.35,2015-01-17,Rælingen,Norway,25,0,382
506,400,freestyle,292.7,2016-01-16,Rælingen,Norway,25,0,381
507,400,freestyle,292.92,2015-04-25,Drammen,Norway,50,0,424
508,400,freestyle,293.03,2014-02-07,Sognsvann,Norway,25,0,380
509,400,freestyle,293.25,2014-11-02,Nordtvet,Norway,25,0,379
510,200,breaststroke,293.53,2010-10-30,Sognsvann,Norway,25,0,68
511,400,freestyle,294.05,2015-12-05,Nadderud,Norway,25,0,376
512,400,freestyle,294.11,2014-01-10,Asker,Norway,25,0,375
513,400,freestyle,295.08,2013-12-15,Lambertseter,Norway,25,0,372
514,400,freestyle,296.15,2014-06-14,Hamar,Norway,50,0,410
515,400,freestyle,297.53,2015-05-30,Bergen,Norway,50,0,404
516,400,freestyle,300.32,2014-05-24,Bergen,Norway,25,0,353
517,400,freestyle,300.89,2014-05-03,Drammen,Norway,50,0,391
518,400,freestyle,302.38,2014-01-18,Rælingen,Norway,25,1,345
519,400,freestyle,304.19,2014-05-11,Oslo,Norway,50,0,378
520,400,freestyle,304.22,2013-10-12,Sarpsborg,Norway,25,0,339
521,400,freestyle,304.9,2013-11-03,Nordtvet,Norway,25,0,337
522,400,freestyle,308.13,2013-05-26,Sognsvann,Norway,25,0,326
523,400,freestyle,308.68,2013-09-14,Porsgrunn,Norway,25,0,325
524,400,freestyle,311.75,2013-06-07,Kristiansand,Norway,50,0,351
525,400,freestyle,318.11,2013-01-06,Asker,Norway,25,0,297
526,400,freestyle,319.39,2013-10-20,Langhus,Norway,25,1,293
527,400,freestyle,320.64,2013-02-09,Rælingen,Norway,25,0,290
528,400,freestyle,320.99,2013-09-22,Skjetten,Norway,25,1,289
529,400,medley,321.69,2016-03-05,Kolbotn,Norway,25,0,388
530,400,freestyle,322.13,2013-05-04,Sandefjord,Norway,25,1,286
531,400,freestyle,326.42,2013-03-17,Nordtvet,Norway,25,1,274
532,400,freestyle,333.96,2013-01-19,Rælingen,Norway,25,0,256
533,400,freestyle,345.24,2012-09-23,Skjetten,Norway,25,0,232
534,400,freestyle,348.05,2012-10-13,Sarpsborg,Norway,25,0,226
535,400,medley,348.86,2014-05-10,Oslo,Norway,50,0,335
536,400,medley,355.05,2013-09-21,Skjetten,Norway,25,0,289
537,400,medley,356.8,2013-11-03,Nordtvet,Norway,25,0,285
538,400,medley,357.88,2015-10-10,Tøyen,Norway,50,0,311
539,400,freestyle,367.81,2012-02-10,Nadderud,Norway,25,0,192
540,400,freestyle,371.64,2012-06-09,Hamar,Norway,50,0,207
541,400,freestyle,374.42,2012-01-22,Rælingen,Norway,25,0,182
542,400,freestyle,383.11,2012-01-06,Asker,Norway,25,0,170
543,400,freestyle,442.77,2010-11-07,Nordtvet,Norway,25,0,110
544,800,freestyle,587.23,2016-03-06,Kolbotn,Norway,25,0,421
545,800,freestyle,612.94,2014-01-18,Rælingen,Norway,25,1,371
546,800,freestyle,645.15,2013-05-04,Sandefjord,Norway,25,0,318
547,800,freestyle,647.58,2013-09-22,Skjetten,Norway,25,0,314
548,800,freestyle,660.32,2013-03-17,Nordtvet,Norway,25,1,296
549,800,freestyle,660.65,2013-10-20,Langhus,Norway,25,0,296
550,1500,freestyle,1151.37,2014-01-18,Rælingen,Norway,25,0,397
551,1500,freestyle,1235.22,2013-03-17,Nordtvet,Norway,25,0,322
